Image Name,Wheat (%),Gilgai (%)
example_output.png,60.26703894616266,30.452224131347844
twitter_test.png,74.07568508046977,12.463389879657823
